"id","date","title","link","pdf_link","pdf_filename","pdf_downloaded","created_at","source_commit","category","error"
"2fa894c429b4646250b7cf82062cdbb7620e5c79","2015","Notifications under Finance Act- Merger of FMC with SEBI","https://www.sebi.gov.in/legal/acts/aug-2015/notifications-under-finance-act-2015-merger-of-fmc-with-sebi_30609.html","https://www.sebi.gov.in/pdf/guidelines-of-data-sharing-final.pdf","Act_Notifications under Finance Act- Merger of FMC with SEBI.pdf","no","2025-12-17T13:18:11.774133Z","c68320ae8f23054bde905bf8dbaa77a9263bec6d","Act",""
"a5b42a939e73e22b81f8f83c359072eaba796cfa","2015","The Finance Act.","https://www.sebi.gov.in/legal/acts/may-2015/the-finance-act-2015_33066.html","https://www.sebi.gov.in/pdf/guidelines-of-data-sharing-final.pdf","Act_The Finance Act..pdf","no","2025-12-17T13:18:16.268226Z","c68320ae8f23054bde905bf8dbaa77a9263bec6d","Act",""
"05b74328e8f0d28ddafcc1aa7b66ee28b66aafc8","2014","Securities Laws (Amendment) Act.","https://www.sebi.gov.in/legal/acts/aug-2014/securities-laws-amendment-act-2014_27855.html","https://www.sebi.gov.in/pdf/guidelines-of-data-sharing-final.pdf","Act_Securities Laws (Amendment) Act..pdf","no","2025-12-17T13:18:21.129926Z","c68320ae8f23054bde905bf8dbaa77a9263bec6d","Act",""
"2bf6688fd70e4dbda6e72ca8e995a5b2ef08225c","1996","Depositories Act 1996 (as amended by the International Financial Services Centres Authority Act, 2019 w.e.f. October 01, 2020)","https://www.sebi.gov.in/legal/acts/sep-1995/depositories-act-1996-as-amended-by-the-international-financial-services-centres-authority-act-2019-w-e-f-october-01-2020-_1.html","https://www.sebi.gov.in/pdf/guidelines-of-data-sharing-final.pdf","Act_Depositories Act 1996 (as amended by the International Financial Services Centres Authority Act, 2019 w.e.f. October 01, 2020).pdf","no","2025-12-17T13:18:25.578762Z","c68320ae8f23054bde905bf8dbaa77a9263bec6d","Act",""
"895d0c2b4f94eafcb3f4167266917f62e376b102","1992","Securities and Exchange Board of India Act, 1992 (As amended by the Finance Act, 2021 (13 of 2021) w.e.f. April 1, 2021)","https://www.sebi.gov.in/legal/acts/jan-1992/securities-and-exchange-board-of-india-act-1992-as-amended-by-the-finance-act-2021-13-of-2021-w-e-f-april-1-2021-_3.html","https://www.sebi.gov.in/pdf/guidelines-of-data-sharing-final.pdf","Act_Securities and Exchange Board of India Act, 1992 (As amended by the Finance Act, 2021 (13 of 2021) w.e.f. April 1, 2021).pdf","no","2025-12-17T13:18:30.029986Z","c68320ae8f23054bde905bf8dbaa77a9263bec6d","Act",""
"400e8d8740e854f4a57810f6c3bbe261c7b89b4a","1956","Securities Contracts (Regulation) Act, 1956 (As amended by the Finance Act, 2021 (13 of 2021) w.e.f. April 1, 2021)","https://www.sebi.gov.in/legal/acts/apr-2021/securities-contracts-regulation-act-1956-as-amended-by-the-finance-act-2021-13-of-2021-w-e-f-april-1-2021-_49750.html","https://www.sebi.gov.in/pdf/guidelines-of-data-sharing-final.pdf","Act_Securities Contracts (Regulation) Act, 1956 (As amended by the Finance Act, 2021 (13 of 2021) w.e.f. April 1, 2021).pdf","no","2025-12-17T13:18:34.928402Z","c68320ae8f23054bde905bf8dbaa77a9263bec6d","Act",""
"5ebe9068553557be6354ef747578611948a09065","2021","SEBI (Annual Report) Rules, 2021","https://www.sebi.gov.in/legal/rules/mar-2021/sebi-annual-report-rules-2021_49611.html","https://www.sebi.gov.in/pdf/guidelines-of-data-sharing-final.pdf","Rule_SEBI (Annual Report) Rules, 2021.pdf","no","2025-12-17T13:18:47.522653Z","c68320ae8f23054bde905bf8dbaa77a9263bec6d","Rule",""
"379c46ee5e4f64ad74589fdaf13af384ca6a12c2","2014","Companies (Issue of Global Depositories Receipts) Rules, 2014","https://www.sebi.gov.in/legal/rules/mar-2014/companies-issue-of-global-depositories-receipts-rules-2014_34607.html","https://www.sebi.gov.in/pdf/guidelines-of-data-sharing-final.pdf","Rule_Companies (Issue of Global Depositories Receipts) Rules, 2014.pdf","no","2025-12-17T13:18:51.974945Z","c68320ae8f23054bde905bf8dbaa77a9263bec6d","Rule",""
"74173c699e56af73db2099f8e4e8adefd9719eb0","2014","Companies (Prospectus and Allotment of Securities) Rules, 2014","https://www.sebi.gov.in/legal/rules/apr-2014/companies-prospectus-and-allotment-of-securities-rules-2014_34655.html","https://www.sebi.gov.in/pdf/guidelines-of-data-sharing-final.pdf","Rule_Companies (Prospectus and Allotment of Securities) Rules, 2014.pdf","no","2025-12-17T13:18:56.777247Z","c68320ae8f23054bde905bf8dbaa77a9263bec6d","Rule",""
"2ece0bc6da05e5d82c25c7eaf0f534a902857424","2014","Companies (Share Capital and debentures) Rules, 2014","https://www.sebi.gov.in/legal/rules/apr-2014/companies-share-capital-and-debentures-rules-2014_34656.html","https://www.sebi.gov.in/pdf/guidelines-of-data-sharing-final.pdf","Rule_Companies (Share Capital and debentures) Rules, 2014.pdf","no","2025-12-17T13:19:02.030025Z","c68320ae8f23054bde905bf8dbaa77a9263bec6d","Rule",""
"d26c68fa7413f047fe46285f5770b9cae855e0e7","2005","Depositories (Procedure for Holding Inquiry and Imposing Penalties) Rules, 2005 [Last amended on December 31, 2021]","https://www.sebi.gov.in/legal/rules/dec-2021/depositories-procedure-for-holding-inquiry-and-imposing-penalties-rules-2005-last-amended-on-december-31-2021-_55388.html","https://www.sebi.gov.in/pdf/guidelines-of-data-sharing-final.pdf","Rule_Depositories (Procedure for Holding Inquiry and Imposing Penalties) Rules, 2005 [Last amended on December 31, 2021].pdf","no","2025-12-17T13:19:06.932046Z","c68320ae8f23054bde905bf8dbaa77a9263bec6d","Rule",""
"a3fd77cbd5436c2fc01012e9c1ddd1e682aa4f27","2005","Securities Contracts (Regulations) (Procedure for Holding Inquiry and Imposing Penalties) Rules, 2005 [Last amended on December 31, 2021]","https://www.sebi.gov.in/legal/rules/dec-2021/securities-contracts-regulations-procedure-for-holding-inquiry-and-imposing-penalties-rules-2005-last-amended-on-december-31-2021-_55395.html","https://www.sebi.gov.in/pdf/guidelines-of-data-sharing-final.pdf","Rule_Securities Contracts (Regulations) (Procedure for Holding Inquiry and Imposing Penalties) Rules, 2005 [Last amended on December 31, 2021].pdf","no","2025-12-17T13:19:11.824260Z","c68320ae8f23054bde905bf8dbaa77a9263bec6d","Rule",""
"c7a29d65affda1c71c85186e4740570e55f76d3c","2004","Securities Transaction Tax Rules, 2004","https://www.sebi.gov.in/legal/rules/oct-2004/securities-transaction-tax-rules-2004_34672.html","https://www.sebi.gov.in/pdf/guidelines-of-data-sharing-final.pdf","Rule_Securities Transaction Tax Rules, 2004.pdf","no","2025-12-17T13:19:16.776694Z","c68320ae8f23054bde905bf8dbaa77a9263bec6d","Rule",""
"1741cfa973ff7b05faf9db58a2d592f593f3f690","2003","Securities Appellate Tribunal (Salaries, Allowances and other Terms and Conditions of Presiding Officer and other Members) Rules, 2003","https://www.sebi.gov.in/legal/rules/mar-2004/securities-appellate-tribunal-salaries-allowances-and-other-terms-and-conditions-of-presiding-officer-and-other-members-rules-2003_34666.html","https://www.sebi.gov.in/pdf/guidelines-of-data-sharing-final.pdf","Rule_Securities Appellate Tribunal (Salaries, Allowances and other Terms and Conditions of Presiding Officer and other Members) Rules, 2003.pdf","no","2025-12-17T13:19:21.737028Z","c68320ae8f23054bde905bf8dbaa77a9263bec6d","Rule",""
"9de7cf5096b22b84704e42c9627925ca96680c6e","2000","Depositories (Appeal to Securities Appellate Tribunal) Rules, 2000","https://www.sebi.gov.in/legal/rules/feb-2000/depositories-appeal-to-securities-appellate-tribunal-rules-2000_13538.html","https://www.sebi.gov.in/pdf/guidelines-of-data-sharing-final.pdf","Rule_Depositories (Appeal to Securities Appellate Tribunal) Rules, 2000.pdf","no","2025-12-17T13:19:26.675590Z","c68320ae8f23054bde905bf8dbaa77a9263bec6d","Rule",""
"eebabd78cf4537324d8b5afc309e1d8e3d1cd8ec","2000","Securities Appellate Tribunal (Procedure) Rules, 2000","https://www.sebi.gov.in/legal/rules/feb-2000/securities-appellate-tribunal-procedure-rules-2000_34665.html","https://www.sebi.gov.in/pdf/guidelines-of-data-sharing-final.pdf","Rule_Securities Appellate Tribunal (Procedure) Rules, 2000.pdf","no","2025-12-17T13:19:31.179526Z","c68320ae8f23054bde905bf8dbaa77a9263bec6d","Rule",""
"e6de1084ea648695f0b402d005d1916b3eb83742","2025","Securities and Exchange Board of India (Procedure for making, amending and reviewing of Regulations) Regulations, 2025","https://www.sebi.gov.in/legal/regulations/feb-2025/securities-and-exchange-board-of-india-procedure-for-making-amending-and-reviewing-of-regulations-regulations-2025_91954.html","https://www.sebi.gov.in/pdf/guidelines-of-data-sharing-final.pdf","Regulation_Securities and Exchange Board of India (Procedure for making, amending and reviewing of Regulations) Regulations, 2025.pdf","no","2025-12-17T13:19:40.877352Z","c68320ae8f23054bde905bf8dbaa77a9263bec6d","Regulation",""
"493957602a987f41b692c3866406690ce460d202","2025","Securities and Exchange Board of India (Registrars to an Issue and Share Transfer Agents) Regulations, 2025","https://www.sebi.gov.in/legal/regulations/feb-2025/securities-and-exchange-board-of-india-registrars-to-an-issue-and-share-transfer-agents-regulations-1993-last-amended-on-february-10-2025-_92412.html","https://www.sebi.gov.in/pdf/guidelines-of-data-sharing-final.pdf","Regulation_Securities and Exchange Board of India (Registrars to an Issue and Share Transfer Agents) Regulations, 2025.pdf","no","2025-12-17T13:19:45.781138Z","c68320ae8f23054bde905bf8dbaa77a9263bec6d","Regulation",""
"20b8ec8073bd2cb4109f1ea48c9d3934a479eacd","2024","Securities and Exchange Board of India (Index Providers) Regulations, 2024 [Last amended on November 28, 2024]","https://www.sebi.gov.in/legal/regulations/nov-2024/securities-and-exchange-board-of-india-index-providers-regulations-2024-last-amended-on-november-28-2024-_89268.html","https://www.sebi.gov.in/pdf/guidelines-of-data-sharing-final.pdf","Regulation_Securities and Exchange Board of India (Index Providers) Regulations, 2024 [Last amended on November 28, 2024].pdf","no","2025-12-17T13:19:50.784198Z","c68320ae8f23054bde905bf8dbaa77a9263bec6d","Regulation",""
"d583099287026976723b795cd1d89858dbd1935b","2021","Securities and Exchange Board of India (Delisting of Equity Shares) Regulations, 2021 [Last amended on September 3, 2025]","https://www.sebi.gov.in/legal/regulations/sep-2025/securities-and-exchange-board-of-india-delisting-of-equity-shares-regulations-2021-last-amended-on-september-3-2025-_96548.html","https://www.sebi.gov.in/pdf/guidelines-of-data-sharing-final.pdf","Regulation_Securities and Exchange Board of India (Delisting of Equity Shares) Regulations, 2021 [Last amended on September 3, 2025].pdf","no","2025-12-17T13:19:55.329932Z","c68320ae8f23054bde905bf8dbaa77a9263bec6d","Regulation",""
"82e6ecefc554324b7e1380139ce4934dedab2d74","2021","Securities and Exchange Board of India (Issue and Listing of Non-Convertible Securities) Regulations, 2021 [Last amended on October 28, 2025]","https://www.sebi.gov.in/legal/regulations/oct-2025/securities-and-exchange-board-of-india-issue-and-listing-of-non-convertible-securities-regulations-2021-last-amended-on-october-28-2025-_97902.html","https://www.sebi.gov.in/pdf/guidelines-of-data-sharing-final.pdf","Regulation_Securities and Exchange Board of India (Issue and Listing of Non-Convertible Securities) Regulations, 2021 [Last amended on October 28, 2025].pdf","no","2025-12-17T13:20:00.532584Z","c68320ae8f23054bde905bf8dbaa77a9263bec6d","Regulation",""
"fda0ae071dd5b6440dbce43526ac4e1481dff21c","2021","Securities and Exchange Board of India (Share Based Employee Benefits and Sweat Equity) Regulations, 2021 [Last amended on September 8, 2025]","https://www.sebi.gov.in/legal/regulations/sep-2025/securities-and-exchange-board-of-india-share-based-employee-benefits-and-sweat-equity-regulations-2021-last-amended-on-september-8-2025-_96528.html","https://www.sebi.gov.in/pdf/guidelines-of-data-sharing-final.pdf","Regulation_Securities and Exchange Board of India (Share Based Employee Benefits and Sweat Equity) Regulations, 2021 [Last amended on September 8, 2025].pdf","no","2025-12-17T13:20:05.437598Z","c68320ae8f23054bde905bf8dbaa77a9263bec6d","Regulation",""
"f113fd92c5833f8fda87f136063e82e9fdeafcc4","2021","Securities and Exchange Board of India (Vault Managers) Regulations, 2021 [Last amended on February 10, 2025]","https://www.sebi.gov.in/legal/regulations/feb-2025/securities-and-exchange-board-of-india-vault-managers-regulations-2021-last-amended-on-february-10-2025-_92416.html","https://www.sebi.gov.in/pdf/guidelines-of-data-sharing-final.pdf","Regulation_Securities and Exchange Board of India (Vault Managers) Regulations, 2021 [Last amended on February 10, 2025].pdf","no","2025-12-17T13:20:10.274714Z","c68320ae8f23054bde905bf8dbaa77a9263bec6d","Regulation",""
"30ceee19fd70bf3ec10c5797085b3cee852cbc57","2020","Securities and Exchange Board of India (Portfolio Managers) Regulations, 2020 [Last amended on September 03, 2025]","https://www.sebi.gov.in/legal/regulations/sep-2025/securities-and-exchange-board-of-india-portfolio-managers-regulations-2020-last-amended-on-september-03-2025-_96560.html","https://www.sebi.gov.in/pdf/guidelines-of-data-sharing-final.pdf","Regulation_Securities and Exchange Board of India (Portfolio Managers) Regulations, 2020 [Last amended on September 03, 2025].pdf","no","2025-12-17T13:20:15.137953Z","c68320ae8f23054bde905bf8dbaa77a9263bec6d","Regulation",""
"7f41bf6fa86486476fb7c07084df0a12fec047d8","2019","Securities and Exchange Board of India (Foreign Portfolio Investors) Regulations, 2019 [Last amended on December 3, 2025]","https://www.sebi.gov.in/legal/regulations/dec-2025/securities-and-exchange-board-of-india-foreign-portfolio-investors-regulations-2019-last-amended-on-december-3-2025-_98240.html","https://www.sebi.gov.in/pdf/guidelines-of-data-sharing-final.pdf","Regulation_Securities and Exchange Board of India (Foreign Portfolio Investors) Regulations, 2019 [Last amended on December 3, 2025].pdf","no","2025-12-17T13:20:19.976430Z","c68320ae8f23054bde905bf8dbaa77a9263bec6d","Regulation",""
"43445a8510a00bcb45d1198df1a0c4aae3513ab7","2018","Securities and Exchange Board of India (Appointment of Administrator and Procedure for Refunding to the Investors) Regulations, 2018","https://www.sebi.gov.in/legal/regulations/oct-2018/securities-and-exchange-board-of-india-appointment-of-administrator-and-procedure-for-refunding-to-the-investors-regulations-2018_40621.html","https://www.sebi.gov.in/pdf/guidelines-of-data-sharing-final.pdf","Regulation_Securities and Exchange Board of India (Appointment of Administrator and Procedure for Refunding to the Investors) Regulations, 2018.pdf","no","2025-12-17T13:20:24.824023Z","c68320ae8f23054bde905bf8dbaa77a9263bec6d","Regulation",""
"d22b09909882ccc2ea3410ac5834f296c5ec88a7","Feb 05, 2020","SEBI (Issuing Observations On Draft Offer Documents Pending Regulatory Actions) Order, 2020","https://www.sebi.gov.in/legal/general-orders/feb-2020/sebi-issuing-observations-on-draft-offer-documents-pending-regulatory-actions-order-2020_45903.html","https://www.sebi.gov.in/pdf/guidelines-of-data-sharing-final.pdf","General_Order_SEBI (Issuing Observations On Draft Offer Documents Pending Regulatory Actions) Order, 2020.pdf","no","2025-12-17T13:20:33.325936Z","c68320ae8f23054bde905bf8dbaa77a9263bec6d","General_Order",""
"49e291d31b04868d8e52868d6d5e1d33021d19db","Jul 20, 2015","SEBI (Prohibition on Raising Further Capital From Public and Transfer of Securities of Suspended Companies) Order, 2015.","https://www.sebi.gov.in/legal/general-orders/jul-2015/sebi-prohibition-on-raising-further-capital-from-public-and-transfer-of-securities-of-suspended-companies-order-2015-_30292.html","https://www.sebi.gov.in/pdf/guidelines-of-data-sharing-final.pdf","General_Order_SEBI (Prohibition on Raising Further Capital From Public and Transfer of Securities of Suspended Companies) Order, 2015..pdf","no","2025-12-17T13:20:38.174225Z","c68320ae8f23054bde905bf8dbaa77a9263bec6d","General_Order",""
"71089160707db8193535f28058ccbe97ef54092f","Oct 09, 2012","SEBI (Framework For Rejection Of Draft Offer Documents) Order, 2012","https://www.sebi.gov.in/legal/general-orders/oct-2012/sebi-framework-for-rejection-of-draft-offer-documents-order-2012_23618.html","https://www.sebi.gov.in/pdf/guidelines-of-data-sharing-final.pdf","General_Order_SEBI (Framework For Rejection Of Draft Offer Documents) Order, 2012.pdf","no","2025-12-17T13:20:42.975684Z","c68320ae8f23054bde905bf8dbaa77a9263bec6d","General_Order",""
"41f53a4dea1804ac687e0a979081c673a0c48990","Mar 31, 2008","Amendment to SEBI's General Order No.1of 2006","https://www.sebi.gov.in/legal/general-orders/mar-2008/amendment-to-sebi-s-general-order-no-1of-2006_6379.html","https://www.sebi.gov.in/pdf/guidelines-of-data-sharing-final.pdf","General_Order_Amendment to SEBI's General Order No.1of 2006.pdf","no","2025-12-17T13:20:47.831708Z","c68320ae8f23054bde905bf8dbaa77a9263bec6d","General_Order",""
"4e3bd51ff3345a4bf52f94407c18d86c7b3931d7","Dec 08, 2006","SEBI (Issuing Observations on Draft Offer Documents Pending Regulatory Actions) Order, 2006","https://www.sebi.gov.in/legal/general-orders/dec-2006/sebi-issuing-observations-on-draft-offer-documents-pending-regulatory-actions-order-2006_14845.html","https://www.sebi.gov.in/pdf/guidelines-of-data-sharing-final.pdf","General_Order_SEBI (Issuing Observations on Draft Offer Documents Pending Regulatory Actions) Order, 2006.pdf","no","2025-12-17T13:20:52.276069Z","c68320ae8f23054bde905bf8dbaa77a9263bec6d","General_Order",""
"5faf6a41aa10f34f9983811400026faf628d4794","Nov 18, 2025","Securities and Exchange Board of India (Informal Guidance) Scheme, 2025","https://www.sebi.gov.in/legal/guidelines/nov-2025/securities-and-exchange-board-of-india-informal-guidance-scheme-2025_98006.html","https://www.sebi.gov.in/pdf/guidelines-of-data-sharing-final.pdf","Guideline_Securities and Exchange Board of India (Informal Guidance) Scheme, 2025.pdf","no","2025-12-17T13:21:00.127703Z","c68320ae8f23054bde905bf8dbaa77a9263bec6d","Guideline",""
"fc2ed4dd51af419789d6fa48fff67b4435afa156","Mar 08, 2023","Securities and Exchange Board of India (Grant of Reward to Informant under Recovery Proceedings) Guidelines, 2023","https://www.sebi.gov.in/legal/guidelines/mar-2023/securities-and-exchange-board-of-india-grant-of-reward-to-informant-under-recovery-proceedings-guidelines-2023_68778.html","https://www.sebi.gov.in/sebi_data/commondocs/apr-2024/List%20of%20matters%20to%20be%20published_DTR%20Match%20Informant%20-%20for%20Mar%202024%20updat..._p.pdf","Guideline_Securities and Exchange Board of India (Grant of Reward to Informant under Recovery Proceedings) Guidelines, 2023.pdf","no","2025-12-17T13:21:05.078067Z","c68320ae8f23054bde905bf8dbaa77a9263bec6d","Guideline",""
"a42f677b779b90a945d6a92b972750fe95dfaa69","Mar 27, 2015","SEBI (International Financial Services Centres) Guidelines, 2015","https://www.sebi.gov.in/legal/guidelines/mar-2015/sebi-international-financial-services-centres-guidelines-2015_29457.html","https://www.sebi.gov.in/pdf/guidelines-of-data-sharing-final.pdf","Guideline_SEBI (International Financial Services Centres) Guidelines, 2015.pdf","no","2025-12-17T13:21:09.877631Z","c68320ae8f23054bde905bf8dbaa77a9263bec6d","Guideline",""
"fe12cf73fe7734e65d3d5d4de6d6bf887b3fa60d","Sep 03, 2009","SEBI (Employee Stock Option Scheme and Employee Stock Purchase Scheme) Guidelines, 1999 (As updated upto 3rd September 2009)","https://www.sebi.gov.in/legal/guidelines/sep-2009/sebi-employee-stock-option-scheme-and-employee-stock-purchase-scheme-guidelines-1999-as-updated-upto-3rd-september-2009-_3838.html","https://www.sebi.gov.in/pdf/guidelines-of-data-sharing-final.pdf","Guideline_SEBI (Employee Stock Option Scheme and Employee Stock Purchase Scheme) Guidelines, 1999 (As updated upto 3rd September 2009).pdf","no","2025-12-17T13:21:14.318971Z","c68320ae8f23054bde905bf8dbaa77a9263bec6d","Guideline",""
"c8cbec99f0000b8b5f365bb7ab2c3e2faa6bb054","Aug 20, 2009","SEBI (DIP) Guidelines updated upto August 20, 2009","https://www.sebi.gov.in/legal/guidelines/aug-2009/sebi-dip-guidelines-updated-upto-august-20-2009_4161.html","https://www.sebi.gov.in/pdf/guidelines-of-data-sharing-final.pdf","Guideline_SEBI (DIP) Guidelines updated upto August 20, 2009.pdf","no","2025-12-17T13:21:18.827105Z","c68320ae8f23054bde905bf8dbaa77a9263bec6d","Guideline",""
"4bddfc74b5545ea77347e63c7a18b84b21fde612","Aug 11, 2009","SEBI (Aid for Legal Proceedings) Guidelines, 2009","https://www.sebi.gov.in/legal/guidelines/aug-2009/sebi-aid-for-legal-proceedings-guidelines-2009_4159.html","https://www.sebi.gov.in/pdf/guidelines-of-data-sharing-final.pdf","Guideline_SEBI (Aid for Legal Proceedings) Guidelines, 2009.pdf","no","2025-12-17T13:21:23.329797Z","c68320ae8f23054bde905bf8dbaa77a9263bec6d","Guideline",""
"6a4ca23696d5a80261b2ee0c690eb86650e52e90","Jul 31, 2009","SEBI (DIP) Guidelines updated upto July 31, 2009","https://www.sebi.gov.in/legal/guidelines/jul-2009/sebi-dip-guidelines-updated-upto-july-31-2009_4407.html","https://www.sebi.gov.in/pdf/guidelines-of-data-sharing-final.pdf","Guideline_SEBI (DIP) Guidelines updated upto July 31, 2009.pdf","no","2025-12-17T13:21:27.821776Z","c68320ae8f23054bde905bf8dbaa77a9263bec6d","Guideline",""
"4abab06344b9fef24f2a53fa608bc13a68c09743","Jul 09, 2009","SEBI (DIP) Guidelines updated upto July 9, 2009","https://www.sebi.gov.in/legal/guidelines/jul-2009/sebi-dip-guidelines-updated-upto-july-9-2009_4403.html","https://www.sebi.gov.in/pdf/guidelines-of-data-sharing-final.pdf","Guideline_SEBI (DIP) Guidelines updated upto July 9, 2009.pdf","no","2025-12-17T13:21:32.682538Z","c68320ae8f23054bde905bf8dbaa77a9263bec6d","Guideline",""
"4864cfca94339c17cdddcc85cb9aeca9f104d7eb","Apr 20, 2009","SEBI (DIP) Guidelines updated upto April 20, 2009","https://www.sebi.gov.in/legal/guidelines/apr-2009/sebi-dip-guidelines-updated-upto-april-20-2009_5084.html","https://www.sebi.gov.in/pdf/guidelines-of-data-sharing-final.pdf","Guideline_SEBI (DIP) Guidelines updated upto April 20, 2009.pdf","no","2025-12-17T13:21:37.179855Z","c68320ae8f23054bde905bf8dbaa77a9263bec6d","Guideline",""
"a895444f5d6ae8cecb91e1cb37b929b2848fb6ae","Feb 24, 2009","(Disclosure and Investor Protection) Guidelines 2000 [updated upto Feb 24, 2009 ]","https://www.sebi.gov.in/legal/guidelines/feb-2009/-disclosure-and-investor-protection-guidelines-2000-updated-upto-feb-24-2009-_5434.html","https://www.sebi.gov.in/pdf/guidelines-of-data-sharing-final.pdf","Guideline_(Disclosure and Investor Protection) Guidelines 2000 [updated upto Feb 24, 2009 ].pdf","no","2025-12-17T13:21:41.977246Z","c68320ae8f23054bde905bf8dbaa77a9263bec6d","Guideline",""
"c152fbcc54871d1a0211923560859c011e9036bc","Oct 15, 2025","Master Circular for issue and listing of Non-convertible Securities, Securitised Debt Instruments, Security Receipts, Municipal Debt Securities and Commercial Paper","https://www.sebi.gov.in/legal/master-circulars/oct-2025/master-circular-for-issue-and-listing-of-non-convertible-securities-securitised-debt-instruments-security-receipts-municipal-debt-securities-and-commercial-paper_97343.html","https://www.sebi.gov.in/pdf/guidelines-of-data-sharing-final.pdf","Master_Circular_Master Circular for issue and listing of Non-convertible Securities, Securitised Debt Instruments, Security Receipts, Municipal Debt Securities and Co.pdf","no","2025-12-17T13:21:50.375599Z","c68320ae8f23054bde905bf8dbaa77a9263bec6d","Master_Circular",""
"4477ef2ff1950c72b7ee302e5fa437e0f40d181b","Aug 13, 2025","Master Circular for Debenture Trustees (DTs)","https://www.sebi.gov.in/legal/master-circulars/aug-2025/master-circular-for-debenture-trustees-dts-_96073.html","https://www.sebi.gov.in/pdf/guidelines-of-data-sharing-final.pdf","Master_Circular_Master Circular for Debenture Trustees (DTs).pdf","no","2025-12-17T13:21:55.176923Z","c68320ae8f23054bde905bf8dbaa77a9263bec6d","Master_Circular",""
"fbc0b6b2df9d252006003b370d7958eca4a25c2d","Jul 16, 2025","Master Circular for Portfolio Managers","https://www.sebi.gov.in/legal/master-circulars/jul-2025/master-circular-for-portfolio-managers_95347.html","https://www.sebi.gov.in/pdf/guidelines-of-data-sharing-final.pdf","Master_Circular_Master Circular for Portfolio Managers.pdf","no","2025-12-17T13:22:00.071778Z","c68320ae8f23054bde905bf8dbaa77a9263bec6d","Master_Circular",""
"1e2eb2911f08e993228ad5152d46d46cbd6f3072","Jul 11, 2025","Master Circular for Infrastructure Investment Trusts (InvITs)","https://www.sebi.gov.in/legal/master-circulars/jul-2025/master-circular-for-infrastructure-investment-trusts-invits-_95233.html","https://www.sebi.gov.in/pdf/guidelines-of-data-sharing-final.pdf","Master_Circular_Master Circular for Infrastructure Investment Trusts (InvITs).pdf","no","2025-12-17T13:22:04.826180Z","c68320ae8f23054bde905bf8dbaa77a9263bec6d","Master_Circular",""
"7bd7cd5023afa87af511ad0bf4f75ad2ec990d39","Jul 11, 2025","Master Circular for Real Estate Investment Trusts (REITs)","https://www.sebi.gov.in/legal/master-circulars/jul-2025/master-circular-for-real-estate-investment-trusts-reits-_95232.html","https://www.sebi.gov.in/pdf/guidelines-of-data-sharing-final.pdf","Master_Circular_Master Circular for Real Estate Investment Trusts (REITs).pdf","no","2025-12-17T13:22:09.284344Z","c68320ae8f23054bde905bf8dbaa77a9263bec6d","Master_Circular",""
"7d86e99d3b2bf16e8ecfccf506a0a28fe8bdbfc7","Jul 11, 2025","Master Circular for listing obligations and disclosure requirements for Non-convertible Securities, Securitized Debt Instruments and/ or Commercial Paper","https://www.sebi.gov.in/legal/master-circulars/jul-2025/master-circular-for-listing-obligations-and-disclosure-requirements-for-non-convertible-securities-securitized-debt-instruments-and-or-commercial-paper_95230.html","https://www.sebi.gov.in/pdf/guidelines-of-data-sharing-final.pdf","Master_Circular_Master Circular for listing obligations and disclosure requirements for Non-convertible Securities, Securitized Debt Instruments and_ or Commercial Pa.pdf","no","2025-12-17T13:22:14.177430Z","c68320ae8f23054bde905bf8dbaa77a9263bec6d","Master_Circular",""
"3e97a29b30022871d4d00f43f26f73972c449f46","Jul 11, 2025","Master Circular for Credit Rating Agencies (CRAs)","https://www.sebi.gov.in/legal/master-circulars/jul-2025/master-circular-for-credit-rating-agencies-cras-_95221.html","https://www.sebi.gov.in/pdf/guidelines-of-data-sharing-final.pdf","Master_Circular_Master Circular for Credit Rating Agencies (CRAs).pdf","no","2025-12-17T13:22:19.084735Z","c68320ae8f23054bde905bf8dbaa77a9263bec6d","Master_Circular",""
"db8a2aa8f4e53ad5e4a7756c9c0d81a75164cd41","Jul 11, 2025","Master Circular for ESG Rating Providers (ERPs)","https://www.sebi.gov.in/legal/master-circulars/jul-2025/master-circular-for-esg-rating-providers-erps-_95219.html","https://www.sebi.gov.in/pdf/guidelines-of-data-sharing-final.pdf","Master_Circular_Master Circular for ESG Rating Providers (ERPs).pdf","no","2025-12-17T13:22:23.574234Z","c68320ae8f23054bde905bf8dbaa77a9263bec6d","Master_Circular",""
"d6ae33396036174d6764bd2790829c52f2031a31","Jun 27, 2025","Master Circular for Research Analysts","https://www.sebi.gov.in/legal/master-circulars/jun-2025/master-circular-for-research-analysts_94840.html","https://www.sebi.gov.in/pdf/guidelines-of-data-sharing-final.pdf","Master_Circular_Master Circular for Research Analysts.pdf","no","2025-12-17T13:22:28.486817Z","c68320ae8f23054bde905bf8dbaa77a9263bec6d","Master_Circular",""
"e4df4e3a5cf69971bb32a137c63f1c4d53c2b202","Jun 27, 2025","Master Circular for Investment Advisers","https://www.sebi.gov.in/legal/master-circulars/jun-2025/master-circular-for-investment-advisers_94821.html","https://www.sebi.gov.in/pdf/guidelines-of-data-sharing-final.pdf","Master_Circular_Master Circular for Investment Advisers.pdf","no","2025-12-17T13:22:32.875346Z","c68320ae8f23054bde905bf8dbaa77a9263bec6d","Master_Circular",""
"ccf4342151ae7c0cbbd620c2bf2bf421b0766cd8","Dec 16, 2025","Mandating periodic disclosure requirements- Securitised Debt Instruments (SDIs)","https://www.sebi.gov.in/legal/circulars/dec-2025/mandating-periodic-disclosure-requirements-securitised-debt-instruments-sdis-_98409.html","https://www.sebi.gov.in/pdf/guidelines-of-data-sharing-final.pdf","Circular_Mandating periodic disclosure requirements- Securitised Debt Instruments (SDIs).pdf","no","2025-12-17T13:22:41.537698Z","c68320ae8f23054bde905bf8dbaa77a9263bec6d","Circular",""
"6f397701066a958f7faafbb0eb0311e1fdf94240","Dec 12, 2025","Provisions relating to Strengthening Governance of Market Infrastructure Institutions (MIIs)","https://www.sebi.gov.in/legal/circulars/dec-2025/provisions-relating-to-strengthening-governance-of-market-infrastructure-institutions-miis-_98329.html","https://www.sebi.gov.in/pdf/guidelines-of-data-sharing-final.pdf","Circular_Provisions relating to Strengthening Governance of Market Infrastructure Institutions (MIIs).pdf","no","2025-12-17T13:22:46.488251Z","c68320ae8f23054bde905bf8dbaa77a9263bec6d","Circular",""
"0c293d4566903fc39052cd2a5c03ed1cd867b748","Dec 11, 2025","Deferment of timeline for implementation of Phase III of Nomination Circular dated January 10, 2025 read with Circular dated February 28, 2025 and July 30, 2025","https://www.sebi.gov.in/legal/circulars/dec-2025/deferment-of-timeline-for-implementation-of-phase-iii-of-nomination-circular-dated-january-10-2025-read-with-circular-dated-february-28-2025-and-july-30-2025_98314.html","https://www.sebi.gov.in/pdf/guidelines-of-data-sharing-final.pdf","Circular_Deferment of timeline for implementation of Phase III of Nomination Circular dated January 10, 2025 read with Circular dated February 28, 2025 and Jul.pdf","no","2025-12-17T13:22:51.034382Z","c68320ae8f23054bde905bf8dbaa77a9263bec6d","Circular",""
"cfe0c9a1da7aa8e91523af725d4e7e5eeb627d62","Dec 10, 2025","Relaxation on geo tagging requirement in India for NRIs while undertaking re-KYC","https://www.sebi.gov.in/legal/circulars/dec-2025/relaxation-on-geo-tagging-requirement-in-india-for-nris-while-undertaking-re-kyc_98284.html","https://www.sebi.gov.in/pdf/guidelines-of-data-sharing-final.pdf","Circular_Relaxation on geo tagging requirement in India for NRIs while undertaking re-KYC.pdf","no","2025-12-17T13:22:56.133404Z","c68320ae8f23054bde905bf8dbaa77a9263bec6d","Circular",""
"b649059b6ecbfc97dd508c3e05432062c602ae67","Dec 08, 2025","Modalities for migration to AI only schemes and relaxations to Large Value Funds for Accredited Investors under SEBI (Alternative Investment Funds) Regulations, 2012","https://www.sebi.gov.in/legal/circulars/dec-2025/modalities-for-migration-to-ai-only-schemes-and-relaxations-to-large-value-funds-for-accredited-investors-under-sebi-alternative-investment-funds-regulations-2012_98244.html","https://www.sebi.gov.in/pdf/guidelines-of-data-sharing-final.pdf","Circular_Modalities for migration to AI only schemes and relaxations to Large Value Funds for Accredited Investors under SEBI (Alternative Investment Funds) Re.pdf","no","2025-12-17T13:23:00.680297Z","c68320ae8f23054bde905bf8dbaa77a9263bec6d","Circular",""
"f9ec7505581f516120a8264821baf9e8a63f382a","Dec 08, 2025","Clarification on the Digital Accessibility circulars of SEBI","https://www.sebi.gov.in/legal/circulars/dec-2025/clarification-on-the-digital-accessibility-circulars-of-sebi_98238.html","https://www.sebi.gov.in/pdf/guidelines-of-data-sharing-final.pdf","Circular_Clarification on the Digital Accessibility circulars of SEBI.pdf","no","2025-12-17T13:23:05.636053Z","c68320ae8f23054bde905bf8dbaa77a9263bec6d","Circular",""
"5b3344015c25ddf23a8cd0ff78e13aa742a53bb8","Nov 28, 2025","Reclassification of Real Estate Investment Trusts (REITs) as equity related instruments for facilitating enhanced participation by Mutual Funds and Specialized Investment Funds (SIFs)","https://www.sebi.gov.in/legal/circulars/nov-2025/reclassification-of-real-estate-investment-trusts-reits-as-equity-related-instruments-for-facilitating-enhanced-participation-by-mutual-funds-and-specialized-investment-funds-sifs-_98031.html","https://www.sebi.gov.in/pdf/guidelines-of-data-sharing-final.pdf","Circular_Reclassification of Real Estate Investment Trusts (REITs) as equity related instruments for facilitating enhanced participation by Mutual Funds and Sp.pdf","no","2025-12-17T13:23:10.217213Z","c68320ae8f23054bde905bf8dbaa77a9263bec6d","Circular",""
"f9dc7c913648d388534e1b7e30a05e22f8488d7c","Nov 27, 2025","Additional incentives to distributors for onboarding new individual investors from B-30 cities and women investors","https://www.sebi.gov.in/legal/circulars/nov-2025/additional-incentives-to-distributors-for-onboarding-new-individual-investors-from-b-30-cities-and-women-investors_98007.html","https://www.sebi.gov.in/pdf/guidelines-of-data-sharing-final.pdf","Circular_Additional incentives to distributors for onboarding new individual investors from B-30 cities and women investors.pdf","no","2025-12-17T13:23:15.181427Z","c68320ae8f23054bde905bf8dbaa77a9263bec6d","Circular",""
"5b77d60803e4a13c74c293c49d724728a88adb3c","Nov 25, 2025","Specification of the terms and conditions for Debenture Trustees for carrying out activities outside the purview of SEBI","https://www.sebi.gov.in/legal/circulars/nov-2025/specification-of-the-terms-and-conditions-for-debenture-trustees-for-carrying-out-activities-outside-the-purview-of-sebi_97944.html","https://www.sebi.gov.in/pdf/guidelines-of-data-sharing-final.pdf","Circular_Specification of the terms and conditions for Debenture Trustees for carrying out activities outside the purview of SEBI.pdf","no","2025-12-17T13:23:20.040593Z","c68320ae8f23054bde905bf8dbaa77a9263bec6d","Circular",""
"feeb34edf80992669550a259f625b4d9f75d4414","Nov 25, 2025","Modifications to Chapter IV of the Master Circular for Debenture Trustees dated August 13, 2025","https://www.sebi.gov.in/legal/circulars/nov-2025/modifications-to-chapter-iv-of-the-master-circular-for-debenture-trustees-dated-august-13-2025_97943.html","https://www.sebi.gov.in/pdf/guidelines-of-data-sharing-final.pdf","Circular_Modifications to Chapter IV of the Master Circular for Debenture Trustees dated August 13, 2025.pdf","no","2025-12-17T13:23:24.777546Z","c68320ae8f23054bde905bf8dbaa77a9263bec6d","Circular",""
"3a7b067de9a1c617bfab5e68c298989cd40f9362","Dec 18, 2025","Modification in the conditions specified for reduction in denomination of debt securities","https://www.sebi.gov.in/legal/circulars/dec-2025/modification-in-the-conditions-specified-for-reduction-in-denomination-of-debt-securities_98463.html","https://www.sebi.gov.in/pdf/guidelines-of-data-sharing-final.pdf","Circular_Modification in the conditions specified for reduction in denomination of debt securities.pdf","no","2025-12-18T14:58:58.143191Z","8c5a0fdbb53ea3c0d218d4647fa8009ea43ae0f6","Circular",""
"1e47674ce20b154d6eaae69c6d23b7d059d2fbc5","2025","Securities and Exchange Board of India (Registrars to an Issue and Share Transfer Agents) Regulations, 2025","https://www.sebi.gov.in/legal/regulations/dec-2025/securities-and-exchange-board-of-india-registrars-to-an-issue-and-share-transfer-agents-regulations-2025_98477.html","https://www.sebi.gov.in/pdf/guidelines-of-data-sharing-final.pdf","Regulation_Securities and Exchange Board of India (Registrars to an Issue and Share Transfer Agents) Regulations, 2025.pdf","no","2025-12-19T07:01:58.795244Z","39f911a3df3420eb21e179171d0ef71e201544ac","Regulation",""
